{"array":[{"senderId":"42","recieverId":37,"created_at":"2024-06-07 15:12:46"},{"senderId":42,"recieverId":"38","created_at":"2024-05-29 17:35:15"},{"senderId":"38","recieverId":42,"created_at":"2024-05-29 17:35:15"},{"senderId":42,"recieverId":"44","created_at":"2024-05-27 17:08:49"},{"senderId":"44","recieverId":42,"created_at":"2024-05-27 17:08:49"},{"senderId":"44","recieverId":37,"created_at":"2024-06-07 15:11:48"},{"senderId":"38","recieverId":37,"created_at":"2024-06-07 15:27:19"},{"senderId":"39","recieverId":37,"created_at":"2024-05-28 13:04:47"},{"senderId":"40","recieverId":37,"created_at":"2024-06-08 16:07:16"},{"senderId":"44","recieverId":38,"created_at":"2024-06-07 12:52:14"},{"senderId":"44","recieverId":39,"created_at":"2024-06-06 16:30:28"},{"senderId":44,"recieverId":"40","created_at":"2024-06-05 17:18:32"},{"senderId":"40","recieverId":44,"created_at":"2024-06-05 17:18:32"},{"senderId":38,"recieverId":"41","created_at":"2024-05-29 09:21:00"},{"senderId":"41","recieverId":38,"created_at":"2024-05-29 09:21:00"},{"senderId":38,"recieverId":"45","created_at":"2024-05-29 10:01:48"},{"senderId":"45","recieverId":38,"created_at":"2024-05-29 10:01:48"},{"senderId":43,"recieverId":"38","created_at":"2024-06-08 08:58:03"},{"senderId":"38","recieverId":43,"created_at":"2024-06-08 08:58:03"},{"senderId":"44","recieverId":43,"created_at":"2024-06-08 15:21:22"},{"senderId":43,"recieverId":"44","created_at":"2024-06-08 15:21:22"},{"senderId":43,"recieverId":"45","created_at":"2024-06-03 17:53:13"},{"senderId":"45","recieverId":43,"created_at":"2024-06-03 17:53:13"},{"senderId":43,"recieverId":"39","created_at":"2024-06-03 17:53:13"},{"senderId":"39","recieverId":43,"created_at":"2024-06-03 17:53:13"},{"senderId":"43","recieverId":40,"created_at":"2024-06-08 15:36:11"},{"senderId":40,"recieverId":"43","created_at":"2024-06-08 15:36:11"},{"senderId":"41","recieverId":43,"created_at":"2024-06-08 15:24:04"},{"senderId":43,"recieverId":"42","created_at":"2024-06-05 08:51:13"},{"senderId":"42","recieverId":43,"created_at":"2024-06-05 08:51:13"},{"senderId":"44","recieverId":41,"created_at":"2024-06-05 17:26:10"},{"senderId":41,"recieverId":"44","created_at":"2024-06-05 17:26:10"},{"senderId":"41","recieverId":37,"created_at":"2024-06-07 14:57:26"},{"senderId":40,"recieverId":"38","created_at":"2024-06-06 13:03:36"},{"senderId":38,"recieverId":"44","created_at":"2024-06-07 12:52:14"},{"senderId":39,"recieverId":"44","created_at":"2024-06-06 16:30:28"},{"senderId":38,"recieverId":"39","created_at":"2024-06-08 16:54:54"},{"senderId":"39","recieverId":38,"created_at":"2024-06-08 16:54:54"},{"senderId":"46","recieverId":43,"created_at":"2024-06-08 15:11:35"},{"senderId":43,"recieverId":"46","created_at":"2024-06-08 15:11:35"},{"senderId":46,"recieverId":"38","created_at":"2024-06-08 09:00:19"},{"senderId":"38","recieverId":46,"created_at":"2024-06-08 09:00:19"},{"senderId":"48","recieverId":38,"created_at":"2024-06-07 14:36:21"},{"senderId":38,"recieverId":"48","created_at":"2024-06-07 14:36:21"},{"senderId":"43","recieverId":37,"created_at":"2024-06-08 16:21:36"},{"senderId":37,"recieverId":"38","created_at":"2024-06-07 15:27:19"},{"senderId":49,"recieverId":"37","created_at":"2024-06-08 16:42:58"},{"senderId":"37","recieverId":49,"created_at":"2024-06-08 16:42:58"},{"senderId":"43","recieverId":49,"created_at":"2024-06-08 09:01:09"},{"senderId":50,"recieverId":"49","created_at":"2024-06-07 15:45:27"},{"senderId":51,"recieverId":"49","created_at":"2024-06-08 12:24:24"},{"senderId":50,"recieverId":"51","created_at":"2024-06-07 16:33:58"},{"senderId":"51","recieverId":50,"created_at":"2024-06-07 16:33:58"},{"senderId":49,"recieverId":"43","created_at":"2024-06-08 09:01:09"},{"senderId":37,"recieverId":"43","created_at":"2024-06-08 16:21:36"},{"senderId":49,"recieverId":"52","created_at":"2024-06-08 09:05:30"},{"senderId":"52","recieverId":49,"created_at":"2024-06-08 09:05:30"},{"senderId":"52","recieverId":38,"created_at":"2024-06-08 17:11:59","isStartChat":0},{"senderId":38,"recieverId":"52","created_at":"2024-06-08 17:11:59","isStartChat":0},{"senderId":"49","recieverId":51,"created_at":"2024-06-08 12:24:24"},{"senderId":52,"recieverId":"51","created_at":"2024-06-08 13:17:01"},{"senderId":"51","recieverId":52,"created_at":"2024-06-08 13:17:01"},{"senderId":"37","recieverId":51,"created_at":"2024-06-08 13:04:55"},{"senderId":51,"recieverId":"37","created_at":"2024-06-08 13:04:55"},{"senderId":"37","recieverId":52,"created_at":"2024-06-08 16:26:58"},{"senderId":52,"recieverId":"37","created_at":"2024-06-08 16:26:58"},{"senderId":"40","recieverId":52,"created_at":"2024-06-08 16:17:18"},{"senderId":52,"recieverId":"40","created_at":"2024-06-08 16:17:18"},{"senderId":37,"recieverId":"50","created_at":"2024-06-08 15:38:55"},{"senderId":"50","recieverId":37,"created_at":"2024-06-08 15:38:55"},{"senderId":37,"recieverId":"40","created_at":"2024-06-08 16:07:16"},{"senderId":"52","recieverId":43,"created_at":"2024-06-08 16:24:06"},{"senderId":43,"recieverId":"52","created_at":"2024-06-08 16:24:06"},{"senderId":53,"recieverId":"52","created_at":"2024-06-08 16:32:42"},{"senderId":"52","recieverId":53,"created_at":"2024-06-08 16:32:42"},{"senderId":53,"recieverId":"37","created_at":"2024-06-08 16:30:06"},{"senderId":"37","recieverId":53,"created_at":"2024-06-08 16:30:06"},{"senderId":49,"recieverId":"53","created_at":"2024-06-08 16:43:26"},{"senderId":"53","recieverId":49,"created_at":"2024-06-08 16:43:26"},{"senderId":48,"recieverId":"44","created_at":"2024-06-08 17:17:06","isStartChat":0},{"senderId":"44","recieverId":48,"created_at":"2024-06-08 17:17:06","isStartChat":0}]}