[{"iFolderId":1,"vFolderName":"Test A","tFolderPath":"\/Test A","tFilePermission":"2,4","dCreatedDate":"2024-07-26 10:36:18","iCreatedBy":1,"eStatus":"y"},{"iFolderId":2,"vFolderName":"Test A1","tFolderPath":"\/Test A\/Test A1","tFilePermission":"","dCreatedDate":"2024-07-26 10:37:26","iCreatedBy":1,"eStatus":"d"},{"iFolderId":3,"vFolderName":"Test A2","tFolderPath":"\/Test A\/Test A1\/Test A2","tFilePermission":"","dCreatedDate":"2024-07-26 10:37:58","iCreatedBy":1,"eStatus":"y"},{"iFolderId":4,"vFolderName":"Test B","tFolderPath":"\/Test B","tFilePermission":"","dCreatedDate":"2024-07-26 11:29:19","iCreatedBy":1,"eStatus":"d"},{"iFolderId":5,"vFolderName":"Live Folder","tFolderPath":"\/Live Folder","tFilePermission":"","dCreatedDate":"2024-07-26 11:45:09","iCreatedBy":1,"eStatus":"y"},{"iFolderId":6,"vFolderName":"Live Folder\/Test 1","tFolderPath":"\/Live Folder\/Test 1","tFilePermission":"","dCreatedDate":"2024-07-26 11:45:09","iCreatedBy":1,"eStatus":"y"},{"iFolderId":7,"vFolderName":"Live Folder\/Test 2","tFolderPath":"\/Live Folder\/Test 2","tFilePermission":"","dCreatedDate":"2024-07-26 11:45:10","iCreatedBy":1,"eStatus":"y"},{"iFolderId":8,"vFolderName":"Local Folder","tFolderPath":"\/Local Folder","tFilePermission":"","dCreatedDate":"2024-07-26 11:45:11","iCreatedBy":1,"eStatus":"y"},{"iFolderId":9,"vFolderName":"Local Folder\/Test 1","tFolderPath":"\/Local Folder\/Test 1","tFilePermission":"","dCreatedDate":"2024-07-26 11:45:11","iCreatedBy":1,"eStatus":"y"},{"iFolderId":10,"vFolderName":"Local Folder\/Test 2","tFolderPath":"\/Local Folder\/Test 2","tFilePermission":"","dCreatedDate":"2024-07-26 11:45:12","iCreatedBy":1,"eStatus":"y"},{"iFolderId":11,"vFolderName":"29-07-2024","tFolderPath":"\/29-07-2024","tFilePermission":"","dCreatedDate":"2024-07-29 06:23:08","iCreatedBy":1,"eStatus":"y"},{"iFolderId":12,"vFolderName":"Demo 1","tFolderPath":"\/Demo 1","tFilePermission":"","dCreatedDate":"2024-07-29 07:03:25","iCreatedBy":3,"eStatus":"y"},{"iFolderId":13,"vFolderName":"Steven","tFolderPath":"\/Steven","tFilePermission":"","dCreatedDate":"2024-07-29 08:52:36","iCreatedBy":4,"eStatus":"y"},{"iFolderId":14,"vFolderName":"S1","tFolderPath":"\/Steven\/S1","tFilePermission":"1","dCreatedDate":"2024-07-29 08:53:01","iCreatedBy":4,"eStatus":"y"},{"iFolderId":15,"vFolderName":"S2","tFolderPath":"\/Steven\/S2","tFilePermission":"","dCreatedDate":"2024-07-29 08:53:05","iCreatedBy":4,"eStatus":"y"},{"iFolderId":16,"vFolderName":"S3","tFolderPath":"\/Steven\/S3","tFilePermission":"","dCreatedDate":"2024-07-29 08:53:10","iCreatedBy":4,"eStatus":"y"},{"iFolderId":17,"vFolderName":"S1","tFolderPath":"\/Test A\/S1","tFilePermission":"","dCreatedDate":"2024-07-29 08:56:45","iCreatedBy":4,"eStatus":"y"},{"iFolderId":18,"vFolderName":"S4","tFolderPath":"\/Steven\/S4","tFilePermission":"","dCreatedDate":"2024-07-29 09:37:56","iCreatedBy":4,"eStatus":"y"}]