[{"iUserId":1,"vUserName":"Kishan","vPassword":"7c4a8d09ca3762af61e59520943dc26494f8941b","dCreatedDate":"2024-07-26 12:00:50","eStatus":"y","vAuthtoken":"OFlEQYuGbNw3j5E38FqR6fCXSj5DuJyI\/ppffJOvCoisBHGnOBbVHR9Xf\/gc7kbP"},{"iUserId":2,"vUserName":"Admin","vPassword":"7c4a8d09ca3762af61e59520943dc26494f8941b","dCreatedDate":"2024-07-26 07:02:21","eStatus":"y","vAuthtoken":"JYP8TkvzObApCVbYz151Xzoz7+fNpWiGjsPbpqOW0KXU7rVkUPFUU00gAmAfU6H8"},{"iUserId":3,"vUserName":"Demo","vPassword":"7c4a8d09ca3762af61e59520943dc26494f8941b","dCreatedDate":"2024-07-26 07:20:11","eStatus":"y","vAuthtoken":"Ps0\/HgipcSfCabemlfTmOVWsP+\/kEB6J1GnLeZo3L7Xn+523QHFKIRp471Rcc\/40"},{"iUserId":4,"vUserName":"Steven","vPassword":"7c4a8d09ca3762af61e59520943dc26494f8941b","dCreatedDate":"2024-07-29 08:52:06","eStatus":"y","vAuthtoken":"xC4LKNoem0AJMBCMwRfaXUQROX5ca9JnWiSCL25tuW5+o241hJOqxxJqGxJYJqOk"},{"iUserId":5,"vUserName":"MD","vPassword":"7c4a8d09ca3762af61e59520943dc26494f8941b","dCreatedDate":"2024-07-29 09:50:20","eStatus":"y","vAuthtoken":"7FbuWi2ubkczyFwDj+4T60d1N6YrXfWWpOQ\/7lanz5Q="}]